{
  "Total" : {
    "transaction" : "Total",
    "sampleCount" : 1654,
    "errorCount" : 192,
    "errorPct" : 11.608223,
    "meanResTime" : 12034.985489721877,
    "medianResTime" : 1991.5,
    "minResTime" : 45.0,
    "maxResTime" : 60044.0,
    "pct1ResTime" : 45501.0,
    "pct2ResTime" : 60024.0,
    "pct3ResTime" : 60026.0,
    "throughput" : 5.07830849956555,
    "receivedKBytesPerSec" : 655.768727413962,
    "sentKBytesPerSec" : 0.634326815172905
  },
  "HTTP Request" : {
    "transaction" : "HTTP Request",
    "sampleCount" : 1654,
    "errorCount" : 192,
    "errorPct" : 11.608223,
    "meanResTime" : 12034.985489721877,
    "medianResTime" : 1991.5,
    "minResTime" : 45.0,
    "maxResTime" : 60044.0,
    "pct1ResTime" : 45501.0,
    "pct2ResTime" : 60024.0,
    "pct3ResTime" : 60026.0,
    "throughput" : 5.07830849956555,
    "receivedKBytesPerSec" : 655.768727413962,
    "sentKBytesPerSec" : 0.634326815172905
  }
}