{
  "Total" : {
    "transaction" : "Total",
    "sampleCount" : 31018,
    "errorCount" : 21135,
    "errorPct" : 68.137856,
    "meanResTime" : 442.93477980527547,
    "medianResTime" : 47.0,
    "minResTime" : 41.0,
    "maxResTime" : 2766.0,
    "pct1ResTime" : 1025.0,
    "pct2ResTime" : 1026.0,
    "pct3ResTime" : 1042.0,
    "throughput" : 47.04800965896336,
    "receivedKBytesPerSec" : 2116.901046070908,
    "sentKBytesPerSec" : 4.117748383094387
  },
  "HTTP Request" : {
    "transaction" : "HTTP Request",
    "sampleCount" : 31018,
    "errorCount" : 21135,
    "errorPct" : 68.137856,
    "meanResTime" : 442.93477980527547,
    "medianResTime" : 47.0,
    "minResTime" : 41.0,
    "maxResTime" : 2766.0,
    "pct1ResTime" : 1025.0,
    "pct2ResTime" : 1026.0,
    "pct3ResTime" : 1042.0,
    "throughput" : 47.04800965896336,
    "receivedKBytesPerSec" : 2116.901046070908,
    "sentKBytesPerSec" : 4.117748383094387
  }
}