{
  "Total" : {
    "transaction" : "Total",
    "sampleCount" : 1818,
    "errorCount" : 286,
    "errorPct" : 15.731573,
    "meanResTime" : 5362.800880088005,
    "medianResTime" : 959.5,
    "minResTime" : 42.0,
    "maxResTime" : 60029.0,
    "pct1ResTime" : 19360.0,
    "pct2ResTime" : 39701.449999999975,
    "pct3ResTime" : 60025.0,
    "throughput" : 5.459016836472718,
    "receivedKBytesPerSec" : 671.3964088075066,
    "sentKBytesPerSec" : 0.7259376445078027
  },
  "HTTP Request" : {
    "transaction" : "HTTP Request",
    "sampleCount" : 1818,
    "errorCount" : 286,
    "errorPct" : 15.731573,
    "meanResTime" : 5362.800880088005,
    "medianResTime" : 959.5,
    "minResTime" : 42.0,
    "maxResTime" : 60029.0,
    "pct1ResTime" : 19360.0,
    "pct2ResTime" : 39701.449999999975,
    "pct3ResTime" : 60025.0,
    "throughput" : 5.459016836472718,
    "receivedKBytesPerSec" : 671.3964088075066,
    "sentKBytesPerSec" : 0.7259376445078027
  }
}