{
  "Total" : {
    "transaction" : "Total",
    "sampleCount" : 1064,
    "errorCount" : 264,
    "errorPct" : 24.81203,
    "meanResTime" : 16818.522556390966,
    "medianResTime" : 2774.0,
    "minResTime" : 436.0,
    "maxResTime" : 60182.0,
    "pct1ResTime" : 60025.0,
    "pct2ResTime" : 60027.0,
    "pct3ResTime" : 60078.84999999999,
    "throughput" : 5.7939446743628835,
    "receivedKBytesPerSec" : 638.3367147510074,
    "sentKBytesPerSec" : 0.6334733973399042
  },
  "HTTP Request" : {
    "transaction" : "HTTP Request",
    "sampleCount" : 1064,
    "errorCount" : 264,
    "errorPct" : 24.81203,
    "meanResTime" : 16818.522556390966,
    "medianResTime" : 2774.0,
    "minResTime" : 436.0,
    "maxResTime" : 60182.0,
    "pct1ResTime" : 60025.0,
    "pct2ResTime" : 60027.0,
    "pct3ResTime" : 60078.84999999999,
    "throughput" : 5.7939446743628835,
    "receivedKBytesPerSec" : 638.3367147510074,
    "sentKBytesPerSec" : 0.6334733973399042
  }
}